"b'\xe2\x98\x81\xef\xb8\x8fWe have partnered with Microsoft and Office 365 to deliver a world-class business cloud services\xe2\x98\x81\xef\xb8\x8f\n\nWith us, your businesses data, e-mails, phones and software can work seamlessly from any location anytime\xf0\x9f\x98\x80\n\nContact us now for a quote on 01443 565 000\xf0\x9f\x93\x9e\nhttps://t.co/yj6N07VqTI https://t.co/425CCgxxrH'"
"b'The current #ransomware-as-a-service pandemic is being fuelled by the tools and services offered by \xe2\x80\x9cgig\xe2\x80\x9d workers, according to @Microsoft\n\n\xe2\x9e\xa1\xef\xb8\x8f https://t.co/dtSgppmxTt #RaaS #datasecurity w./ @InfosecurityMag'"
"b""In this latest blog post, we'll go over the two types of tools -- #staticcodeanalyzers and #formatters -- that can help you improve your #code without performing any heavy lifting yourself, within #JavaScript. #MSpartner #ITblog #Microsoft #wecodit\n\nhttps://t.co/PXQFkwRxPP"""
"b""@KezzaWho @GameSpot Xbox has microsoft, Playstation has Sony. Microsoft's worth is 4 times more than playstation, so obviously playstation will not have the ability to just put everything on the table they must make a profit out of it, compared to Microsoft which can have all their games."""
"b""$RBBN \xf0\x9f\x93\xb0 Colt Deploys Ribbon's Microsoft-Certified Session Border Controllers to Power its New Intelligent Communications Offering\n\nhttps://t.co/2s2PbuRggj\n\n45 seconds delayed."""
"b'A big welcome to @testlio, partnering with us for the first time this year. Testlio serves nearly 2 billion users, including American Express, Microsoft, Netflix, &amp; more. Check them out&gt;&gt;https://t.co/Bp241BYGYm https://t.co/O6QuZ2evoP'"
"b'https://t.co/qLc2UyHTx2  \n  What is Microsoft\xe2\x80\x99s Azure Space, and who is it for? - TechRepublic.'"
b'#Microsoft unveils three new security managed services - SecurityBrief https://t.co/c8BgdhTifu #Sec_Cyber'
"b""Be sure to attend our roundtable discussion, 'How Microsoft 365 can help drive collaboration and efficiency throughout corporate legal teams' at the @altinhousetech In-House Technology Summit on 19 May.  \n\n#LegalTech #CorporateLegal #InHouseTech2022 @altevents_ #Microsoft365 https://t.co/nDCKXwboOF"""
b'Access Migration to Power Apps and Dataverse is released to General Availability https://t.co/u7PwL3Jo0R https://t.co/h7XQmTW7aK'
